{"cameraMode":{"drawMode":0,"name":"Shaded","section":"Shading Mode"},"sceneLighting":false,"audioPlay":false,"sceneViewState":{"showFog":true,"showMaterialUpdate":false,"showSkybox":true,"showFlares":true,"showImageEffects":true,"showParticleSystems":true},"in2DMode":false,"pivot":{"x":36.161434173583987,"y":8.48213005065918,"z":17.460384368896486},"rotation":{"x":-0.032625962048769,"y":-0.6002196669578552,"z":0.02451537735760212,"w":-0.7987934350967407},"size":58.35964584350586,"orthographic":false}