{"cameraMode":{"drawMode":0,"name":"Shaded","section":"Shading Mode"},"sceneLighting":false,"audioPlay":false,"sceneViewState":{"showFog":true,"showMaterialUpdate":false,"showSkybox":true,"showFlares":true,"showImageEffects":true,"showParticleSystems":true},"in2DMode":false,"pivot":{"x":280.8102111816406,"y":56.14411926269531,"z":-46.3641357421875},"rotation":{"x":0.2576730251312256,"y":0.013603392988443375,"z":0.0036243253853172065,"w":-0.9661296606063843},"size":394.9122619628906,"orthographic":false}