{"cameraMode":{"drawMode":0,"name":"Shaded","section":"Shading Mode"},"sceneLighting":false,"audioPlay":false,"sceneViewState":{"showFog":true,"showMaterialUpdate":false,"showSkybox":true,"showFlares":true,"showImageEffects":true,"showParticleSystems":true},"in2DMode":false,"pivot":{"x":-535.6466064453125,"y":283.30389404296877,"z":-110.3828125},"rotation":{"x":-0.11213856190443039,"y":-0.4262237250804901,"z":0.053340960294008258,"w":-0.896054208278656},"size":8.30142593383789,"orthographic":false}