{"cameraMode":{"drawMode":0,"name":"Shaded","section":"Shading Mode"},"sceneLighting":false,"audioPlay":false,"sceneViewState":{"showFog":true,"showMaterialUpdate":false,"showSkybox":true,"showFlares":true,"showImageEffects":true,"showParticleSystems":true},"in2DMode":false,"pivot":{"x":-8.344650268554688e-7,"y":0.3477436900138855,"z":-0.4990200996398926},"rotation":{"x":-0.06094956025481224,"y":-0.7699495553970337,"z":0.07439284026622772,"w":-0.6308157444000244},"size":23.6230525970459,"orthographic":false}